{"backend_name": "ibmq_manila", "backend_version": "1.1.0", "qobj_id": "ecdefa46-e297-483c-953c-6284524fd50e", "job_id": "63686823e0f73078be9bda30", "date": "2022-11-07T02:11:24Z", "success": true, "status": "Successful completion", "execution_id": "7887e662-5e41-11ed-8726-bc97e15b08d0", "time_taken": 4.016791820526123, "header": {"backend_name": "ibmq_manila", "backend_version": "1.1.0"}, "results": [{"shots": 1024, "success": true, "status": "done", "seed": null, "meas_level": 2, "meas_return": null, "header": {"qubit_labels": [["q", 0], ["q", 1], ["q", 2], ["q", 3], ["q", 4]], "n_qubits": 5, "qreg_sizes": [["q", 5]], "clbit_labels": [["c", 0], ["c", 1], ["c", 2], ["c", 3]], "memory_slots": 4, "creg_sizes": [["c", 4]], "name": "circuit-904", "global_phase": 5.497787143782138, "metadata": {}}, "data": {"counts": {"0x0": 11, "0x1": 42, "0x2": 1, "0x3": 1, "0x7": 1, "0x8": 59, "0x9": 830, "0xa": 4, "0xb": 61, "0xd": 9, "0xf": 5}, "snapshots": null, "memory": null, "statevector": null, "unitary": null}}], "error": null}