{"qobj_id": "ecdefa46-e297-483c-953c-6284524fd50e", "header": {"backend_name": "ibmq_manila", "backend_version": "1.1.0"}, "config": {"shots": 1024, "memory": false, "parameter_binds": [], "meas_level": 2, "n_qubits": 5, "rep_delay": 250.0, "init_qubits": true, "use_measure_esp": false, "parametric_pulses": ["gaussian", "gaussian_square", "drag", "constant"], "memory_slots": 4}, "schema_version": "1.3.0", "type": "QASM", "experiments": [{"config": {"n_qubits": 5, "memory_slots": 4}, "header": {"qubit_labels": [["q", 0], ["q", 1], ["q", 2], ["q", 3], ["q", 4]], "n_qubits": 5, "qreg_sizes": [["q", 5]], "clbit_labels": [["c", 0], ["c", 1], ["c", 2], ["c", 3]], "memory_slots": 4, "creg_sizes": [["c", 4]], "name": "circuit-904", "global_phase": 5.497787143782138, "metadata": {}}, "instructions": [{"name": "rz", "params": [1.5707963267948966], "qubits": [0]}, {"name": "sx", "qubits": [0]}, {"name": "rz", "params": [1.5707963267948966], "qubits": [0]}, {"name": "rz", "params": [1.5707963267948966], "qubits": [1]}, {"name": "sx", "qubits": [1]}, {"name": "rz", "params": [1.5707963267948966], "qubits": [1]}, {"name": "rz", "params": [1.5707963267948966], "qubits": [2]}, {"name": "sx", "qubits": [2]}, {"name": "rz", "params": [1.5707963267948966], "qubits": [2]}, {"name": "rz", "params": [1.5707963267948966], "qubits": [3]}, {"name": "sx", "qubits": [3]}, {"name": "rz", "params": [-1.5707963267948966], "qubits": [3]}, {"name": "rz", "params": [1.5707963267948966], "qubits": [4]}, {"name": "sx", "qubits": [4]}, {"name": "rz", "params": [1.5707963267948966], "qubits": [4]}, {"name": "barrier", "qubits": [2, 1, 0, 4, 3]}, {"name": "cx", "qubits": [4, 3]}, {"name": "cx", "qubits": [2, 3]}, {"name": "barrier", "qubits": [2, 1, 0, 4, 3]}, {"name": "rz", "params": [1.5707963267948966], "qubits": [0]}, {"name": "sx", "qubits": [0]}, {"name": "rz", "params": [1.5707963267948966], "qubits": [0]}, {"name": "rz", "params": [1.5707963267948966], "qubits": [1]}, {"name": "sx", "qubits": [1]}, {"name": "rz", "params": [1.5707963267948966], "qubits": [1]}, {"name": "rz", "params": [1.5707963267948966], "qubits": [2]}, {"name": "sx", "qubits": [2]}, {"name": "rz", "params": [1.5707963267948966], "qubits": [2]}, {"name": "rz", "params": [1.5707963267948966], "qubits": [4]}, {"name": "sx", "qubits": [4]}, {"name": "rz", "params": [1.5707963267948966], "qubits": [4]}, {"name": "barrier", "qubits": [2, 1, 0, 4, 3]}, {"name": "measure", "qubits": [2], "memory": [0]}, {"name": "measure", "qubits": [1], "memory": [1]}, {"name": "measure", "qubits": [0], "memory": [2]}, {"name": "measure", "qubits": [4], "memory": [3]}]}]}